<!DOCTYPE node PUBLIC "-//freedesktop//DTD D-BUS Object Introspection 1.0//EN"
	  "http://www.freedesktop.org/standards/dbus/1.0/introspect.dtd">
<node>
  <interface name="org.bluez.Adapter">
    <method name="GetProperties">
      <arg type="a{sv}" direction="out"/>
      <annotation name="com.trolltech.QtDBus.QtTypeName.Out0" value="QVariantMap"/>
    </method>
    <method name="SetProperty">
      <arg type="s" direction="in"/>
      <arg type="v" direction="in"/>
    </method>
    <method name="RequestSession"/>
    <method name="ReleaseSession"/>
    <method name="StartDiscovery"/>
    <method name="StopDiscovery"/>
    <method name="ListDevices">
      <arg type="ao" direction="out"/>
    </method>
    <method name="CreateDevice">
      <arg type="s" direction="in"/>
      <arg type="o" direction="out"/>
    </method>
    <method name="CreatePairedDevice">
      <arg type="s" direction="in"/>
      <arg type="o" direction="in"/>
      <arg type="s" direction="in"/>
      <arg type="o" direction="out"/>
    </method>
    <method name="CancelDeviceCreation">
      <arg type="s" direction="in"/>
    </method>
    <method name="RemoveDevice">
      <arg type="o" direction="in"/>
    </method>
    <method name="FindDevice">
      <arg type="s" direction="in"/>
      <arg type="o" direction="out"/>
    </method>
    <method name="RegisterAgent">
      <arg type="o" direction="in"/>
      <arg type="s" direction="in"/>
    </method>
    <method name="UnregisterAgent">
      <arg type="o" direction="in"/>
    </method>
    <signal name="PropertyChanged">
      <arg type="s"/>
      <arg type="v"/>
    </signal>
    <signal name="DeviceCreated">
      <arg type="o"/>
    </signal>
    <signal name="DeviceRemoved">
      <arg type="o"/>
    </signal>
    <signal name="DeviceFound">
      <arg type="s"/>
      <arg type="a{sv}"/>
      <annotation name="com.trolltech.QtDBus.QtTypeName.In1" value="QVariantMap"/>
    </signal>
    <signal name="DeviceDisappeared">
      <arg type="s"/>
    </signal>
  </interface>
</node>
