<!DOCTYPE node PUBLIC "-//freedesktop//DTD D-BUS Object Introspection 1.0//EN"
	  "http://www.freedesktop.org/standards/dbus/1.0/introspect.dtd">
<node>
  <interface name="org.bluez.Device">
    <method name="GetProperties">
      <arg type="a{sv}" direction="out"/>
      <annotation name="com.trolltech.QtDBus.QtTypeName.Out0" value="QVariantMap"/>
    </method>
    <method name="SetProperty">
      <arg type="s" direction="in"/>
      <arg type="v" direction="in"/>
    </method>
    <method name="DiscoverServices">
      <arg type="s" direction="in"/>
      <arg type="a{us}" direction="out"/>
      <annotation name="com.trolltech.QtDBus.QtTypeName.Out0" value="UIntStringMap"/>
    </method>
    <method name="CancelDiscovery"/>
    <method name="Disconnect"/>
    <signal name="PropertyChanged">
      <arg type="s"/>
      <arg type="v"/>
    </signal>
    <signal name="DisconnectRequested"/>
  </interface>
</node>
