<!DOCTYPE node PUBLIC "-//freedesktop//DTD D-BUS Object Introspection 1.0//EN"
          "http://www.freedesktop.org/standards/dbus/1.0/introspect.dtd">
<node>
 <interface name="org.bluez.Input">
  <method name="Connect"/>
  <method name="Disconnect"/>
  <method name="GetProperties">
   <arg type="a{sv}" direction="out"/>
   <annotation name="com.trolltech.QtDBus.QtTypeName.Out0" value="QVariantMap"/>
  </method>
  <signal name="PropertyChanged">
    <arg type="s"/>
    <arg type="v"/>
    </signal>
 </interface>
</node>
