<!DOCTYPE node PUBLIC "-//freedesktop//DTD D-BUS Object Introspection 1.0//EN"
	  "http://www.freedesktop.org/standards/dbus/1.0/introspect.dtd">
<node>
  <interface name="org.bluez.Manager">
    <method name="GetProperties">
      <arg type="a{sv}" direction="out"/>
      <annotation name="com.trolltech.QtDBus.QtTypeName.Out0" value="QVariantMap"/>
    </method>
    <method name="DefaultAdapter">
      <arg type="o" direction="out"/>
    </method>
    <method name="FindAdapter">
      <arg type="s" direction="in"/>
      <arg type="o" direction="out"/>
    </method>
    <method name="ListAdapters">
      <arg type="ao" direction="out"/>
    </method>
    <signal name="PropertyChanged">
      <arg type="s"/>
      <arg type="v"/>
    </signal>
    <signal name="AdapterAdded">
      <arg type="o"/>
    </signal>
    <signal name="AdapterRemoved">
      <arg type="o"/>
    </signal>
    <signal name="DefaultAdapterChanged">
      <arg type="o"/>
    </signal>
  </interface>
  <node name="org"/>
</node>
