<!DOCTYPE node PUBLIC "-//freedesktop//DTD D-BUS Object Introspection 1.0//EN"
          "http://www.freedesktop.org/standards/dbus/1.0/introspect.dtd">
<node>
  <interface name="org.openobex.Client">
    <method name="SendFiles">
      <arg type="a{sv}" direction="in"/>
      <arg type="as" direction="in"/>
      <arg type="o" direction="in"/>
      <annotation name="com.trolltech.QtDBus.QtTypeName.In0" value="QVariantMap"/>
    </method>
    <method name="PullBusinessCard">
      <arg type="a{sv}" direction="in"/>
      <arg type="s" direction="in"/>
      <annotation name="com.trolltech.QtDBus.QtTypeName.In0" value="QVariantMap"/>
    </method>
    <method name="ExchangeBusinessCards">
      <arg type="a{sv}" direction="in"/>
      <arg type="s" direction="in"/>
      <arg type="s" direction="in"/>
      <annotation name="com.trolltech.QtDBus.QtTypeName.In0" value="QVariantMap"/>
    </method>
    <method name="CreateSession">
      <arg type="a{sv}" direction="in"/>
      <arg type="o" direction="out"/>
      <annotation name="com.trolltech.QtDBus.QtTypeName.In0" value="QVariantMap"/>
    </method>
    <method name="GetCapabilities">
      <arg type="a{sv}" direction="in"/>
      <arg type="s" direction="out"/>
      <annotation name="com.trolltech.QtDBus.QtTypeName.In0" value="QVariantMap"/>
    </method>
  </interface>
</node>

