<!DOCTYPE node PUBLIC "-//freedesktop//DTD D-BUS Object Introspection 1.0//EN"
          "http://www.freedesktop.org/standards/dbus/1.0/introspect.dtd">
<node>
  <interface name="org.openobex.Session">
    <method name="GetProperties">
      <arg type="a{sv}" direction="out"/>
      <annotation name="com.trolltech.QtDBus.QtTypeName.Out0" value="QVariantMap"/>
    </method>
    <method name="AssignAgent">
      <arg type="o" direction="in"/>
    </method>
    <method name="ReleaseAgent">
      <arg type="o" direction="in"/>
    </method>
    <method name="Close"/>
  </interface>
  <interface name="org.openobex.FileTransfer">
    <method name="ChangeFolder">
      <arg type="s" direction="in"/>
    </method>
    <method name="CreateFolder">
      <arg type="s" direction="in"/>
    </method>
    <method name="ListFolder">
      <arg type="aa{sv}" direction="out"/>
      <annotation name="com.trolltech.QtDBus.QtTypeName.Out0" value="QVariantMapList"/>
    </method>
    <method name="GetFile">
      <arg type="s" direction="in"/>
      <arg type="s" direction="in"/>
    </method>
    <method name="PutFile">
      <arg type="s" direction="in"/>
      <arg type="s" direction="in"/>
    </method>
    <method name="CopyFile">
      <arg type="s" direction="in"/>
      <arg type="s" direction="in"/>
    </method>
    <method name="MoveFile">
      <arg type="s" direction="in"/>
      <arg type="s" direction="in"/>
    </method>
    <method name="Delete">
      <arg type="s" direction="in"/>
    </method>
  </interface>
</node>

