<!DOCTYPE openRPTDef>
<report>
 <title></title>
 <name></name>
 <description></description>
 <size>Letter</size>
 <portrait/>
 <topmargin>50</topmargin>
 <bottommargin>50</bottommargin>
 <rightmargin>50</rightmargin>
 <leftmargin>50</leftmargin>
 <rpthead>
  <height>331</height>
  <label>
   <rect>
    <x>5</x>
    <y>209</y>
    <width>155</width>
    <height>25</height>
   </rect>
   <font>
    <face>Arial</face>
    <size>14</size>
    <weight>normal</weight>
   </font>
   <left/>
   <top/>
   <string>Arial 14</string>
  </label>
  <label>
   <rect>
    <x>205</x>
    <y>135</y>
    <width>205</width>
    <height>35</height>
   </rect>
   <font>
    <face>Arial</face>
    <size>20</size>
    <weight>bold</weight>
   </font>
   <left/>
   <top/>
   <string>Arial Bold 20</string>
  </label>
  <label>
   <rect>
    <x>5</x>
    <y>5</y>
    <width>155</width>
    <height>45</height>
   </rect>
   <font>
    <face>Arial</face>
    <size>28</size>
    <weight>normal</weight>
   </font>
   <left/>
   <top/>
   <string>Arial 28</string>
  </label>
  <label>
   <rect>
    <x>205</x>
    <y>285</y>
    <width>155</width>
    <height>20</height>
   </rect>
   <font>
    <face>Arial</face>
    <size>9</size>
    <weight>bold</weight>
   </font>
   <left/>
   <top/>
   <string>Arial Bold 9</string>
  </label>
  <label>
   <rect>
    <x>5</x>
    <y>230</y>
    <width>155</width>
    <height>25</height>
   </rect>
   <font>
    <face>Arial</face>
    <size>12</size>
    <weight>normal</weight>
   </font>
   <left/>
   <top/>
   <string>Arial 12</string>
  </label>
  <label>
   <rect>
    <x>205</x>
    <y>190</y>
    <width>155</width>
    <height>25</height>
   </rect>
   <font>
    <face>Arial</face>
    <size>16</size>
    <weight>bold</weight>
   </font>
   <left/>
   <top/>
   <string>Arial Bold 16</string>
  </label>
  <label>
   <rect>
    <x>205</x>
    <y>300</y>
    <width>155</width>
    <height>20</height>
   </rect>
   <font>
    <face>Arial</face>
    <size>8</size>
    <weight>bold</weight>
   </font>
   <left/>
   <top/>
   <string>Arial Bold 8</string>
  </label>
  <label>
   <rect>
    <x>5</x>
    <y>135</y>
    <width>155</width>
    <height>35</height>
   </rect>
   <font>
    <face>Arial</face>
    <size>20</size>
    <weight>normal</weight>
   </font>
   <left/>
   <top/>
   <string>Arial 20</string>
  </label>
  <label>
   <rect>
    <x>205</x>
    <y>104</y>
    <width>240</width>
    <height>35</height>
   </rect>
   <font>
    <face>Arial</face>
    <size>22</size>
    <weight>bold</weight>
   </font>
   <left/>
   <top/>
   <string>Arial Bold 22</string>
  </label>
  <label>
   <rect>
    <x>205</x>
    <y>75</y>
    <width>290</width>
    <height>35</height>
   </rect>
   <font>
    <face>Arial</face>
    <size>24</size>
    <weight>bold</weight>
   </font>
   <left/>
   <top/>
   <string>Arial Bold 24</string>
  </label>
  <label>
   <rect>
    <x>205</x>
    <y>209</y>
    <width>155</width>
    <height>25</height>
   </rect>
   <font>
    <face>Arial</face>
    <size>14</size>
    <weight>bold</weight>
   </font>
   <left/>
   <top/>
   <string>Arial Bold 14</string>
  </label>
  <label>
   <rect>
    <x>5</x>
    <y>75</y>
    <width>155</width>
    <height>35</height>
   </rect>
   <font>
    <face>Arial</face>
    <size>24</size>
    <weight>normal</weight>
   </font>
   <left/>
   <top/>
   <string>Arial 24</string>
  </label>
  <label>
   <rect>
    <x>5</x>
    <y>104</y>
    <width>155</width>
    <height>35</height>
   </rect>
   <font>
    <face>Arial</face>
    <size>22</size>
    <weight>normal</weight>
   </font>
   <left/>
   <top/>
   <string>Arial 22</string>
  </label>
  <label>
   <rect>
    <x>205</x>
    <y>165</y>
    <width>165</width>
    <height>30</height>
   </rect>
   <font>
    <face>Arial</face>
    <size>18</size>
    <weight>bold</weight>
   </font>
   <left/>
   <top/>
   <string>Arial Bold 18</string>
  </label>
  <label>
   <rect>
    <x>205</x>
    <y>250</y>
    <width>155</width>
    <height>20</height>
   </rect>
   <font>
    <face>Arial</face>
    <size>11</size>
    <weight>bold</weight>
   </font>
   <left/>
   <top/>
   <string>Arial Bold 11</string>
  </label>
  <label>
   <rect>
    <x>205</x>
    <y>5</y>
    <width>260</width>
    <height>45</height>
   </rect>
   <font>
    <face>Arial</face>
    <size>28</size>
    <weight>bold</weight>
   </font>
   <left/>
   <top/>
   <string>Arial Bold 28</string>
  </label>
  <label>
   <rect>
    <x>5</x>
    <y>190</y>
    <width>155</width>
    <height>25</height>
   </rect>
   <font>
    <face>Arial</face>
    <size>16</size>
    <weight>normal</weight>
   </font>
   <left/>
   <top/>
   <string>Arial 16</string>
  </label>
  <label>
   <rect>
    <x>5</x>
    <y>285</y>
    <width>155</width>
    <height>20</height>
   </rect>
   <font>
    <face>Arial</face>
    <size>9</size>
    <weight>normal</weight>
   </font>
   <left/>
   <top/>
   <string>Arial 9</string>
  </label>
  <label>
   <rect>
    <x>5</x>
    <y>250</y>
    <width>155</width>
    <height>20</height>
   </rect>
   <font>
    <face>Arial</face>
    <size>11</size>
    <weight>normal</weight>
   </font>
   <left/>
   <top/>
   <string>Arial 11</string>
  </label>
  <label>
   <rect>
    <x>205</x>
    <y>230</y>
    <width>155</width>
    <height>25</height>
   </rect>
   <font>
    <face>Arial</face>
    <size>12</size>
    <weight>bold</weight>
   </font>
   <left/>
   <top/>
   <string>Arial Bold 12</string>
  </label>
  <label>
   <rect>
    <x>205</x>
    <y>40</y>
    <width>280</width>
    <height>40</height>
   </rect>
   <font>
    <face>Arial</face>
    <size>26</size>
    <weight>bold</weight>
   </font>
   <left/>
   <top/>
   <string>Arial Bold 26</string>
  </label>
  <label>
   <rect>
    <x>5</x>
    <y>270</y>
    <width>155</width>
    <height>20</height>
   </rect>
   <font>
    <face>Arial</face>
    <size>10</size>
    <weight>normal</weight>
   </font>
   <left/>
   <top/>
   <string>Arial 10</string>
  </label>
  <label>
   <rect>
    <x>205</x>
    <y>270</y>
    <width>155</width>
    <height>20</height>
   </rect>
   <font>
    <face>Arial</face>
    <size>10</size>
    <weight>bold</weight>
   </font>
   <left/>
   <top/>
   <string>Arial Bold 10</string>
  </label>
  <label>
   <rect>
    <x>5</x>
    <y>300</y>
    <width>155</width>
    <height>20</height>
   </rect>
   <font>
    <face>Arial</face>
    <size>8</size>
    <weight>normal</weight>
   </font>
   <left/>
   <top/>
   <string>Arial 8</string>
  </label>
  <label>
   <rect>
    <x>5</x>
    <y>40</y>
    <width>155</width>
    <height>40</height>
   </rect>
   <font>
    <face>Arial</face>
    <size>26</size>
    <weight>normal</weight>
   </font>
   <left/>
   <top/>
   <string>Arial 26</string>
  </label>
  <label>
   <rect>
    <x>5</x>
    <y>165</y>
    <width>155</width>
    <height>30</height>
   </rect>
   <font>
    <face>Arial</face>
    <size>18</size>
    <weight>normal</weight>
   </font>
   <left/>
   <top/>
   <string>Arial 18</string>
  </label>
 </rpthead>
</report>
