<!DOCTYPE openRPTDef>
<report>
 <title>untitled</title>
 <name></name>
 <description></description>
 <size>Letter</size>
 <portrait/>
 <topmargin>100</topmargin>
 <bottommargin>100</bottommargin>
 <rightmargin>100</rightmargin>
 <leftmargin>100</leftmargin>
 <querysource>
  <name>bctest</name>
  <sql>select 'abc123'::text as bcval,
       'TEST0356'::text AS bcval1,
       '01234567890'::text AS bcval2,
       '04252614'::text AS bcval3,
       '750103131130'::text AS bcval4,
       '04210009'::text AS bcval5,
       '0123ABCD'::text AS bcval6,
       '0#Ab{\nnl'::text AS bcval7;</sql>
 </querysource>
 <rpthead>
  <height>671</height>
  <field>
   <rect>
    <x>300</x>
    <y>350</y>
    <width>225</width>
    <height>30</height>
   </rect>
   <font>
    <face>Arial</face>
    <size>10</size>
    <weight>bold</weight>
   </font>
   <left/>
   <vcenter/>
   <data>
    <query>bctest</query>
    <column>bcval6</column>
   </data>
  </field>
  <field>
   <rect>
    <x>300</x>
    <y>250</y>
    <width>225</width>
    <height>30</height>
   </rect>
   <font>
    <face>Arial</face>
    <size>10</size>
    <weight>bold</weight>
   </font>
   <left/>
   <vcenter/>
   <data>
    <query>bctest</query>
    <column>bcval4</column>
   </data>
  </field>
  <barcode>
   <rect>
    <x>45</x>
    <y>300</y>
    <width>200</width>
    <height>30</height>
   </rect>
   <format>ean8</format>
   <maxlength>10</maxlength>
   <left/>
   <data>
    <query>bctest</query>
    <column>bcval5</column>
   </data>
  </barcode>
  <field>
   <rect>
    <x>300</x>
    <y>400</y>
    <width>200</width>
    <height>30</height>
   </rect>
   <font>
    <face>Arial</face>
    <size>10</size>
    <weight>bold</weight>
   </font>
   <left/>
   <vcenter/>
   <data>
    <query>bctest</query>
    <column>bcval7</column>
   </data>
  </field>
  <label>
   <rect>
    <x>550</x>
    <y>100</y>
    <width>100</width>
    <height>30</height>
   </rect>
   <font>
    <face>Arial</face>
    <size>10</size>
    <weight>normal</weight>
   </font>
   <left/>
   <vcenter/>
   <string>128</string>
  </label>
  <label>
   <rect>
    <x>550</x>
    <y>200</y>
    <width>100</width>
    <height>30</height>
   </rect>
   <font>
    <face>Arial</face>
    <size>10</size>
    <weight>normal</weight>
   </font>
   <left/>
   <vcenter/>
   <string>UPC-E</string>
  </label>
  <field>
   <rect>
    <x>300</x>
    <y>150</y>
    <width>225</width>
    <height>30</height>
   </rect>
   <font>
    <face>Arial</face>
    <size>10</size>
    <weight>bold</weight>
   </font>
   <left/>
   <vcenter/>
   <data>
    <query>bctest</query>
    <column>bcval2</column>
   </data>
  </field>
  <line>
   <xstart>138</xstart>
   <ystart>51</ystart>
   <xend>515</xend>
   <yend>51</yend>
   <weight>0</weight>
  </line>
  <field>
   <rect>
    <x>300</x>
    <y>300</y>
    <width>225</width>
    <height>30</height>
   </rect>
   <font>
    <face>Arial</face>
    <size>10</size>
    <weight>bold</weight>
   </font>
   <left/>
   <vcenter/>
   <data>
    <query>bctest</query>
    <column>bcval5</column>
   </data>
  </field>
  <barcode>
   <rect>
    <x>50</x>
    <y>250</y>
    <width>200</width>
    <height>30</height>
   </rect>
   <format>ean13</format>
   <maxlength>10</maxlength>
   <left/>
   <data>
    <query>bctest</query>
    <column>bcval4</column>
   </data>
  </barcode>
  <field>
   <rect>
    <x>300</x>
    <y>100</y>
    <width>225</width>
    <height>30</height>
   </rect>
   <font>
    <face>Arial</face>
    <size>10</size>
    <weight>bold</weight>
   </font>
   <left/>
   <vcenter/>
   <data>
    <query>bctest</query>
    <column>bcval1</column>
   </data>
  </field>
  <label>
   <rect>
    <x>550</x>
    <y>350</y>
    <width>100</width>
    <height>30</height>
   </rect>
   <font>
    <face>Arial</face>
    <size>10</size>
    <weight>normal</weight>
   </font>
   <left/>
   <vcenter/>
   <string>3of9</string>
  </label>
  <barcode>
   <rect>
    <x>45</x>
    <y>100</y>
    <width>200</width>
    <height>30</height>
   </rect>
   <format>128</format>
   <maxlength>10</maxlength>
   <left/>
   <data>
    <query>bctest</query>
    <column>bcval1</column>
   </data>
  </barcode>
  <line>
   <xstart>414</xstart>
   <ystart>5</ystart>
   <xend>414</xend>
   <yend>80</yend>
   <weight>0</weight>
  </line>
  <barcode>
   <rect>
    <x>45</x>
    <y>400</y>
    <width>200</width>
    <height>30</height>
   </rect>
   <format>3of9+</format>
   <maxlength>5</maxlength>
   <left/>
   <data>
    <query>bctest</query>
    <column>bcval7</column>
   </data>
  </barcode>
  <barcode>
   <rect>
    <x>175</x>
    <y>18</y>
    <width>238</width>
    <height>30</height>
   </rect>
   <format>3of9</format>
   <maxlength>6</maxlength>
   <left/>
   <data>
    <query>bctest</query>
    <column>bcval</column>
   </data>
  </barcode>
  <label>
   <rect>
    <x>550</x>
    <y>250</y>
    <width>100</width>
    <height>30</height>
   </rect>
   <font>
    <face>Arial</face>
    <size>10</size>
    <weight>normal</weight>
   </font>
   <left/>
   <vcenter/>
   <string>EAN-13</string>
  </label>
  <barcode>
   <rect>
    <x>45</x>
    <y>200</y>
    <width>200</width>
    <height>30</height>
   </rect>
   <format>upc-e</format>
   <maxlength>10</maxlength>
   <left/>
   <data>
    <query>bctest</query>
    <column>bcval3</column>
   </data>
  </barcode>
  <field>
   <rect>
    <x>300</x>
    <y>200</y>
    <width>225</width>
    <height>30</height>
   </rect>
   <font>
    <face>Arial</face>
    <size>10</size>
    <weight>bold</weight>
   </font>
   <left/>
   <vcenter/>
   <data>
    <query>bctest</query>
    <column>bcval3</column>
   </data>
  </field>
  <label>
   <rect>
    <x>550</x>
    <y>300</y>
    <width>100</width>
    <height>30</height>
   </rect>
   <font>
    <face>Arial</face>
    <size>10</size>
    <weight>normal</weight>
   </font>
   <left/>
   <vcenter/>
   <string>EAN-8</string>
  </label>
  <label>
   <rect>
    <x>550</x>
    <y>150</y>
    <width>100</width>
    <height>30</height>
   </rect>
   <font>
    <face>Arial</face>
    <size>10</size>
    <weight>normal</weight>
   </font>
   <left/>
   <vcenter/>
   <string>UPC-A</string>
  </label>
  <barcode>
   <rect>
    <x>45</x>
    <y>350</y>
    <width>200</width>
    <height>30</height>
   </rect>
   <format>3of9</format>
   <maxlength>5</maxlength>
   <left/>
   <data>
    <query>bctest</query>
    <column>bcval6</column>
   </data>
  </barcode>
  <line>
   <xstart>172</xstart>
   <ystart>4</ystart>
   <xend>172</xend>
   <yend>92</yend>
   <weight>0</weight>
  </line>
  <line>
   <xstart>134</xstart>
   <ystart>15</ystart>
   <xend>459</xend>
   <yend>15</yend>
   <weight>0</weight>
  </line>
  <barcode>
   <rect>
    <x>45</x>
    <y>150</y>
    <width>200</width>
    <height>30</height>
   </rect>
   <format>upc-a</format>
   <maxlength>10</maxlength>
   <left/>
   <data>
    <query>bctest</query>
    <column>bcval2</column>
   </data>
  </barcode>
  <label>
   <rect>
    <x>550</x>
    <y>400</y>
    <width>100</width>
    <height>30</height>
   </rect>
   <font>
    <face>Arial</face>
    <size>10</size>
    <weight>normal</weight>
   </font>
   <left/>
   <vcenter/>
   <string>Ext 3of9</string>
  </label>
 </rpthead>
</report>
