<!DOCTYPE openRPTDef>
<report>
 <title></title>
 <name></name>
 <description></description>
 <size>Letter</size>
 <portrait/>
 <topmargin>50</topmargin>
 <bottommargin>50</bottommargin>
 <rightmargin>50</rightmargin>
 <leftmargin>50</leftmargin>
 <rpthead>
  <height>731</height>
  <label>
   <rect>
    <x>25</x>
    <y>340</y>
    <width>685</width>
    <height>85</height>
   </rect>
   <font>
    <face>Times New Roman</face>
    <size>48</size>
    <weight>normal</weight>
   </font>
   <left/>
   <top/>
   <string>Times New Roman 48pt</string>
  </label>
  <label>
   <rect>
    <x>25</x>
    <y>560</y>
    <width>200</width>
    <height>25</height>
   </rect>
   <font>
    <face>Symbol</face>
    <size>12</size>
    <weight>normal</weight>
   </font>
   <left/>
   <top/>
   <string>Symbol 12pt</string>
  </label>
  <label>
   <rect>
    <x>25</x>
    <y>280</y>
    <width>200</width>
    <height>25</height>
   </rect>
   <font>
    <face>Times New Roman</face>
    <size>8</size>
    <weight>normal</weight>
   </font>
   <left/>
   <top/>
   <string>Times New Roman 8pt</string>
  </label>
  <label>
   <rect>
    <x>25</x>
    <y>430</y>
    <width>200</width>
    <height>25</height>
   </rect>
   <font>
    <face>Lucida Bright</face>
    <size>12</size>
    <weight>normal</weight>
   </font>
   <left/>
   <top/>
   <string>Lucida Bright 12pt</string>
  </label>
  <label>
   <rect>
    <x>25</x>
    <y>580</y>
    <width>200</width>
    <height>50</height>
   </rect>
   <font>
    <face>Symbol</face>
    <size>20</size>
    <weight>normal</weight>
   </font>
   <left/>
   <top/>
   <string>Symbol 20pt</string>
  </label>
  <label>
   <rect>
    <x>25</x>
    <y>605</y>
    <width>450</width>
    <height>125</height>
   </rect>
   <font>
    <face>Symbol</face>
    <size>48</size>
    <weight>normal</weight>
   </font>
   <left/>
   <top/>
   <string>Symbol 48pt</string>
  </label>
  <label>
   <rect>
    <x>25</x>
    <y>210</y>
    <width>500</width>
    <height>85</height>
   </rect>
   <font>
    <face>Courier</face>
    <size>48</size>
    <weight>normal</weight>
   </font>
   <left/>
   <top/>
   <string>Courier 48pt</string>
  </label>
  <label>
   <rect>
    <x>25</x>
    <y>475</y>
    <width>645</width>
    <height>90</height>
   </rect>
   <font>
    <face>Lucida Bright</face>
    <size>48</size>
    <weight>normal</weight>
   </font>
   <left/>
   <top/>
   <string>Lucida Bright 48pt</string>
  </label>
  <label>
   <rect>
    <x>25</x>
    <y>75</y>
    <width>450</width>
    <height>100</height>
   </rect>
   <font>
    <face>Arial</face>
    <size>48</size>
    <weight>normal</weight>
   </font>
   <left/>
   <top/>
   <string>Arial 48pt</string>
  </label>
  <label>
   <rect>
    <x>25</x>
    <y>315</y>
    <width>315</width>
    <height>50</height>
   </rect>
   <font>
    <face>Times New Roman</face>
    <size>20</size>
    <weight>normal</weight>
   </font>
   <left/>
   <top/>
   <string>Times New Roman 20pt</string>
  </label>
  <label>
   <rect>
    <x>25</x>
    <y>30</y>
    <width>200</width>
    <height>25</height>
   </rect>
   <font>
    <face>Arial</face>
    <size>12</size>
    <weight>normal</weight>
   </font>
   <left/>
   <top/>
   <string>Arial 12pt</string>
  </label>
  <label>
   <rect>
    <x>25</x>
    <y>165</y>
    <width>200</width>
    <height>25</height>
   </rect>
   <font>
    <face>Courier</face>
    <size>12</size>
    <weight>normal</weight>
   </font>
   <left/>
   <top/>
   <string>Courier 12pt</string>
  </label>
  <label>
   <rect>
    <x>25</x>
    <y>185</y>
    <width>240</width>
    <height>50</height>
   </rect>
   <font>
    <face>Courier</face>
    <size>20</size>
    <weight>normal</weight>
   </font>
   <left/>
   <top/>
   <string>Courier 20pt</string>
  </label>
  <label>
   <rect>
    <x>25</x>
    <y>15</y>
    <width>200</width>
    <height>25</height>
   </rect>
   <font>
    <face>Arial</face>
    <size>8</size>
    <weight>normal</weight>
   </font>
   <left/>
   <top/>
   <string>Arial 8pt</string>
  </label>
  <label>
   <rect>
    <x>25</x>
    <y>150</y>
    <width>200</width>
    <height>25</height>
   </rect>
   <font>
    <face>Courier</face>
    <size>8</size>
    <weight>normal</weight>
   </font>
   <left/>
   <top/>
   <string>Courier 8pt</string>
  </label>
  <label>
   <rect>
    <x>25</x>
    <y>415</y>
    <width>200</width>
    <height>25</height>
   </rect>
   <font>
    <face>Lucida Bright</face>
    <size>8</size>
    <weight>normal</weight>
   </font>
   <left/>
   <top/>
   <string>Lucida Bright 8pt</string>
  </label>
  <label>
   <rect>
    <x>25</x>
    <y>50</y>
    <width>200</width>
    <height>50</height>
   </rect>
   <font>
    <face>Arial</face>
    <size>20</size>
    <weight>normal</weight>
   </font>
   <left/>
   <top/>
   <string>Arial 20pt</string>
  </label>
  <label>
   <rect>
    <x>25</x>
    <y>450</y>
    <width>280</width>
    <height>50</height>
   </rect>
   <font>
    <face>Lucida Bright</face>
    <size>20</size>
    <weight>normal</weight>
   </font>
   <left/>
   <top/>
   <string>Lucida Bright 20pt</string>
  </label>
  <label>
   <rect>
    <x>25</x>
    <y>295</y>
    <width>200</width>
    <height>25</height>
   </rect>
   <font>
    <face>Times New Roman</face>
    <size>12</size>
    <weight>normal</weight>
   </font>
   <left/>
   <top/>
   <string>Times New Roman 12pt</string>
  </label>
  <label>
   <rect>
    <x>25</x>
    <y>545</y>
    <width>200</width>
    <height>25</height>
   </rect>
   <font>
    <face>Symbol</face>
    <size>8</size>
    <weight>normal</weight>
   </font>
   <left/>
   <top/>
   <string>Symbol 8pt</string>
  </label>
 </rpthead>
</report>
