<!DOCTYPE openRPTDef>
<report>
 <title></title>
 <name></name>
 <description></description>
 <size>Letter</size>
 <portrait/>
 <topmargin>100</topmargin>
 <bottommargin>100</bottommargin>
 <rightmargin>100</rightmargin>
 <leftmargin>100</leftmargin>
 <rpthead>
  <height>291</height>
  <image>
   <rect>
    <x>420</x>
    <y>20</y>
    <width>220</width>
    <height>25</height>
   </rect>
   <mode>stretch</mode>
   <map format="png" >begin 644 internal
MB5!.1PT*&amp;@H````-24A$4@```/P````H"`(```!59@`)````!F)+1T0`_P#_
M`/^@O:>3````"7!(67,```L2```+$@'2W7[\````!W1)344'UP$3$`P?@;BV
M?P```TU)1$%4>)SMFDF2Y"`,1:$C[W]E]\+1;H)!:,)(6&amp;]5E9D6T[?X#/FZ
MKA0$7^+/[@H$P=N$Z(//$:(//D>(/O@&lt;O]T58))S!KZ-U;EEX+%+ZX&lt;OWP5,
MZT&amp;EK#&lt;[>+?Q3[11UW1_L+2!2+IU:.,`5446.HJ`K[,\`AP3B%,53>H?@#+.
MK_NID+9:6A*Y/X2CC5[CI0U$4M6!I*V&lt;&lt;\X9V0JY5K34EA!Y:E2NUKM7Q?'D
MZ3&amp;*/QAAFE>!&amp;OQ^45-*UW79&amp;;C_F9[DDH4]RWB\53S5!KS9P+T(Y07D5U*W
MC)*4KJ=GC-0/4PS2C))@/-XJ'K`!I.)6-'`1>(&lt;C0:N(42J!/;W&lt;B&lt;'XV+TA
MB=*F6%68YEKY!#6-@'SKVCA(=[IT^^'&amp;C:&lt;_6,JZR#L*B$!:5[0_IM9MT:"[
M$7WP\-IZ(_^#\:SE-9(;T8^FRZ^!W^%F4$:`5TV,X';F:A^B'TV4W]0]P-,M
M*AGZ^1MYKM3^>/3)7GR(ODLYP+OK\C9380E/`Z&lt;JIUX#L9/FDR_1=S&lt;BCY=^
MF[;7;5MUT_R*@O:R;&lt;N2>K1T[]9U]\M*W7L?CRZD4Z%%+[_EOJ5..WM$SUN-
M`;HOOX7C^Z5J>/GO.F_S!.P:*@O]S#AV]&amp;1OTLS'EV[G[9HMIAK:%:89Z6VT
MBMO(GDPO$66E^^[P'VQU8):>R+9=:J&amp;3^7=OWD?EZ@[@\H_4?=?AZ'J;481N
M0;HS*OL&amp;U)EW;T8`/OX\W5&lt;B*__5]38;S>$[Y[B^19_`E*^>BHS#:ZQPHO"8
M5IPM9$>&lt;NGYMJ=HH]S;LIX`'C1_*'B+ZY'P_`4D[E1G&lt;L#)^')L.L#?!@_KV
M/+(@I,.Q8X1"]/[050]I>SXURZ?1PJFJI*E]!1_VQL[&lt;O1W%N[XJ:;[[>-=Q
MV;%A/D2?$-=EC2^>5B-?PNHN9X$/X7%\`8L7SDK*:33-^LO^$DJ+[3Z![>-7
MZ)ZJ)7,7SDJZ-Y^011R&lt;YLLC.38\;U-6H`TX.A],B+M#;!A:.G`AJWA.:1:5
MI@F]#68Y.[THM06LZ!7SBC`"YEJR_/[)(I"E:%5F%.?^7%)*=[89>9[6TO#N
MEI-^`SUNY.5#,FVMK^9\D^V#Z$ST02#'S99E$&amp;@1H@\^1X@^^!Q_`;DYCJO[
/*9+``````$E%3D2N0F""
`
end
</map>
  </image>
  <image>
   <rect>
    <x>20</x>
    <y>85</y>
    <width>400</width>
    <height>70</height>
   </rect>
   <mode>stretch</mode>
   <map format="png" >begin 644 internal
MB5!.1PT*&amp;@H````-24A$4@```/P````H"`(```!59@`)````!F)+1T0`_P#_
M`/^@O:>3````"7!(67,```L2```+$@'2W7[\````!W1)344'UP$3$`P?@;BV
M?P```TU)1$%4>)SMFDF2Y"`,1:$C[W]E]\+1;H)!:,)(6&amp;]5E9D6T[?X#/FZ
MKA0$7^+/[@H$P=N$Z(//$:(//D>(/O@&lt;O]T58))S!KZ-U;EEX+%+ZX&lt;OWP5,
MZT&amp;EK#&lt;[>+?Q3[11UW1_L+2!2+IU:.,`5446.HJ`K[,\`AP3B%,53>H?@#+.
MK_NID+9:6A*Y/X2CC5[CI0U$4M6!I*V&lt;&lt;\X9V0JY5K34EA!Y:E2NUKM7Q?'D
MZ3&amp;*/QAAFE>!&amp;OQ^45-*UW79&amp;;C_F9[DDH4]RWB\53S5!KS9P+T(Y07D5U*W
MC)*4KJ=GC-0/4PS2C))@/-XJ'K`!I.)6-'`1>(&lt;C0:N(42J!/;W&lt;B&lt;'XV+TA
MB=*F6%68YEKY!#6-@'SKVCA(=[IT^^'&amp;C:&lt;_6,JZR#L*B$!:5[0_IM9MT:"[
M$7WP\-IZ(_^#\:SE-9(;T8^FRZ^!W^%F4$:`5TV,X';F:A^B'TV4W]0]P-,M
M*AGZ^1MYKM3^>/3)7GR(ODLYP+OK\C9380E/`Z&lt;JIUX#L9/FDR_1=S&lt;BCY=^
MF[;7;5MUT_R*@O:R;&lt;N2>K1T[]9U]\M*W7L?CRZD4Z%%+[_EOJ5..WM$SUN-
M`;HOOX7C^Z5J>/GO.F_S!.P:*@O]S#AV]&amp;1OTLS'EV[G[9HMIAK:%:89Z6VT
MBMO(GDPO$66E^^[P'VQU8):>R+9=:J&amp;3^7=OWD?EZ@[@\H_4?=?AZ'J;481N
M0;HS*OL&amp;U)EW;T8`/OX\W5&lt;B*__5]38;S>$[Y[B^19_`E*^>BHS#:ZQPHO"8
M5IPM9$>&lt;NGYMJ=HH]S;LIX`'C1_*'B+ZY'P_`4D[E1G&lt;L#)^')L.L#?!@_KV
M/+(@I,.Q8X1"]/[050]I>SXURZ?1PJFJI*E]!1_VQL[&lt;O1W%N[XJ:;[[>-=Q
MV;%A/D2?$-=EC2^>5B-?PNHN9X$/X7%\`8L7SDK*:33-^LO^$DJ+[3Z![>-7
MZ)ZJ)7,7SDJZ-Y^011R&lt;YLLC.38\;U-6H`TX.A],B+M#;!A:.G`AJWA.:1:5
MI@F]#68Y.[THM06LZ!7SBC`"YEJR_/[)(I"E:%5F%.?^7%)*=[89>9[6TO#N
MEI-^`SUNY.5#,FVMK^9\D^V#Z$ST02#'S99E$&amp;@1H@\^1X@^^!Q_`;DYCJO[
/*9+``````$E%3D2N0F""
`
end
</map>
  </image>
  <image>
   <rect>
    <x>20</x>
    <y>180</y>
    <width>600</width>
    <height>95</height>
   </rect>
   <mode>stretch</mode>
   <map format="png" >begin 644 internal
MB5!.1PT*&amp;@H````-24A$4@```/P````H"`(```!59@`)````!F)+1T0`_P#_
M`/^@O:>3````"7!(67,```L2```+$@'2W7[\````!W1)344'UP$3$`P?@;BV
M?P```TU)1$%4>)SMFDF2Y"`,1:$C[W]E]\+1;H)!:,)(6&amp;]5E9D6T[?X#/FZ
MKA0$7^+/[@H$P=N$Z(//$:(//D>(/O@&lt;O]T58))S!KZ-U;EEX+%+ZX&lt;OWP5,
MZT&amp;EK#&lt;[>+?Q3[11UW1_L+2!2+IU:.,`5446.HJ`K[,\`AP3B%,53>H?@#+.
MK_NID+9:6A*Y/X2CC5[CI0U$4M6!I*V&lt;&lt;\X9V0JY5K34EA!Y:E2NUKM7Q?'D
MZ3&amp;*/QAAFE>!&amp;OQ^45-*UW79&amp;;C_F9[DDH4]RWB\53S5!KS9P+T(Y07D5U*W
MC)*4KJ=GC-0/4PS2C))@/-XJ'K`!I.)6-'`1>(&lt;C0:N(42J!/;W&lt;B&lt;'XV+TA
MB=*F6%68YEKY!#6-@'SKVCA(=[IT^^'&amp;C:&lt;_6,JZR#L*B$!:5[0_IM9MT:"[
M$7WP\-IZ(_^#\:SE-9(;T8^FRZ^!W^%F4$:`5TV,X';F:A^B'TV4W]0]P-,M
M*AGZ^1MYKM3^>/3)7GR(ODLYP+OK\C9380E/`Z&lt;JIUX#L9/FDR_1=S&lt;BCY=^
MF[;7;5MUT_R*@O:R;&lt;N2>K1T[]9U]\M*W7L?CRZD4Z%%+[_EOJ5..WM$SUN-
M`;HOOX7C^Z5J>/GO.F_S!.P:*@O]S#AV]&amp;1OTLS'EV[G[9HMIAK:%:89Z6VT
MBMO(GDPO$66E^^[P'VQU8):>R+9=:J&amp;3^7=OWD?EZ@[@\H_4?=?AZ'J;481N
M0;HS*OL&amp;U)EW;T8`/OX\W5&lt;B*__5]38;S>$[Y[B^19_`E*^>BHS#:ZQPHO"8
M5IPM9$>&lt;NGYMJ=HH]S;LIX`'C1_*'B+ZY'P_`4D[E1G&lt;L#)^')L.L#?!@_KV
M/+(@I,.Q8X1"]/[050]I>SXURZ?1PJFJI*E]!1_VQL[&lt;O1W%N[XJ:;[[>-=Q
MV;%A/D2?$-=EC2^>5B-?PNHN9X$/X7%\`8L7SDK*:33-^LO^$DJ+[3Z![>-7
MZ)ZJ)7,7SDJZ-Y^011R&lt;YLLC.38\;U-6H`TX.A],B+M#;!A:.G`AJWA.:1:5
MI@F]#68Y.[THM06LZ!7SBC`"YEJR_/[)(I"E:%5F%.?^7%)*=[89>9[6TO#N
MEI-^`SUNY.5#,FVMK^9\D^V#Z$ST02#'S99E$&amp;@1H@\^1X@^^!Q_`;DYCJO[
/*9+``````$E%3D2N0F""
`
end
</map>
  </image>
  <image>
   <rect>
    <x>20</x>
    <y>10</y>
    <width>400</width>
    <height>70</height>
   </rect>
   <mode>clip</mode>
   <map format="png" >begin 644 internal
MB5!.1PT*&amp;@H````-24A$4@```/P````H"`(```!59@`)````!F)+1T0`_P#_
M`/^@O:>3````"7!(67,```L2```+$@'2W7[\````!W1)344'UP$3$`P?@;BV
M?P```TU)1$%4>)SMFDF2Y"`,1:$C[W]E]\+1;H)!:,)(6&amp;]5E9D6T[?X#/FZ
MKA0$7^+/[@H$P=N$Z(//$:(//D>(/O@&lt;O]T58))S!KZ-U;EEX+%+ZX&lt;OWP5,
MZT&amp;EK#&lt;[>+?Q3[11UW1_L+2!2+IU:.,`5446.HJ`K[,\`AP3B%,53>H?@#+.
MK_NID+9:6A*Y/X2CC5[CI0U$4M6!I*V&lt;&lt;\X9V0JY5K34EA!Y:E2NUKM7Q?'D
MZ3&amp;*/QAAFE>!&amp;OQ^45-*UW79&amp;;C_F9[DDH4]RWB\53S5!KS9P+T(Y07D5U*W
MC)*4KJ=GC-0/4PS2C))@/-XJ'K`!I.)6-'`1>(&lt;C0:N(42J!/;W&lt;B&lt;'XV+TA
MB=*F6%68YEKY!#6-@'SKVCA(=[IT^^'&amp;C:&lt;_6,JZR#L*B$!:5[0_IM9MT:"[
M$7WP\-IZ(_^#\:SE-9(;T8^FRZ^!W^%F4$:`5TV,X';F:A^B'TV4W]0]P-,M
M*AGZ^1MYKM3^>/3)7GR(ODLYP+OK\C9380E/`Z&lt;JIUX#L9/FDR_1=S&lt;BCY=^
MF[;7;5MUT_R*@O:R;&lt;N2>K1T[]9U]\M*W7L?CRZD4Z%%+[_EOJ5..WM$SUN-
M`;HOOX7C^Z5J>/GO.F_S!.P:*@O]S#AV]&amp;1OTLS'EV[G[9HMIAK:%:89Z6VT
MBMO(GDPO$66E^^[P'VQU8):>R+9=:J&amp;3^7=OWD?EZ@[@\H_4?=?AZ'J;481N
M0;HS*OL&amp;U)EW;T8`/OX\W5&lt;B*__5]38;S>$[Y[B^19_`E*^>BHS#:ZQPHO"8
M5IPM9$>&lt;NGYMJ=HH]S;LIX`'C1_*'B+ZY'P_`4D[E1G&lt;L#)^')L.L#?!@_KV
M/+(@I,.Q8X1"]/[050]I>SXURZ?1PJFJI*E]!1_VQL[&lt;O1W%N[XJ:;[[>-=Q
MV;%A/D2?$-=EC2^>5B-?PNHN9X$/X7%\`8L7SDK*:33-^LO^$DJ+[3Z![>-7
MZ)ZJ)7,7SDJZ-Y^011R&lt;YLLC.38\;U-6H`TX.A],B+M#;!A:.G`AJWA.:1:5
MI@F]#68Y.[THM06LZ!7SBC`"YEJR_/[)(I"E:%5F%.?^7%)*=[89>9[6TO#N
MEI-^`SUNY.5#,FVMK^9\D^V#Z$ST02#'S99E$&amp;@1H@\^1X@^^!Q_`;DYCJO[
/*9+``````$E%3D2N0F""
`
end
</map>
  </image>
 </rpthead>
</report>
