<!DOCTYPE openRPTDef>
<report>
 <title>Label Test</title>
 <name>LabelTest</name>
 <description>This is a test Report Definition for Labels</description>
 <labeltype>Avery 5263</labeltype>
 <size>Labels</size>
 <portrait/>
 <topmargin>100</topmargin>
 <bottommargin>100</bottommargin>
 <rightmargin>100</rightmargin>
 <leftmargin>100</leftmargin>
 <querysource>
  <name>detail</name>
  <sql>SELECT cust_name,
       cust_address1,
       cust_address2,
       cust_address3,
       cust_city || ', ' || cust_state || ' ' || cust_zipcode as citystatezip,
       cust_number
  FROM cust
 LIMIT 16;</sql>
 </querysource>
 <section>
  <name>unnamed</name>
  <detail>
   <key>
    <query>detail</query>
    <column></column>
   </key>
   <height>201</height>
   <field>
    <rect>
     <x>10</x>
     <y>90</y>
     <width>380</width>
     <height>20</height>
    </rect>
    <font>
     <face>Arial</face>
     <size>10</size>
     <weight>bold</weight>
    </font>
    <left/>
    <vcenter/>
    <data>
     <query>detail</query>
     <column>citystatezip</column>
    </data>
   </field>
   <line>
    <xstart>395</xstart>
    <ystart>195</ystart>
    <xend>395</xend>
    <yend>5</yend>
    <weight>0</weight>
   </line>
   <line>
    <xstart>5</xstart>
    <ystart>5</ystart>
    <xend>395</xend>
    <yend>5</yend>
    <weight>0</weight>
   </line>
   <field>
    <rect>
     <x>10</x>
     <y>10</y>
     <width>380</width>
     <height>20</height>
    </rect>
    <font>
     <face>Arial</face>
     <size>10</size>
     <weight>bold</weight>
    </font>
    <left/>
    <vcenter/>
    <data>
     <query>detail</query>
     <column>cust_name</column>
    </data>
   </field>
   <line>
    <xstart>5</xstart>
    <ystart>195</ystart>
    <xend>5</xend>
    <yend>5</yend>
    <weight>0</weight>
   </line>
   <field>
    <rect>
     <x>10</x>
     <y>30</y>
     <width>380</width>
     <height>20</height>
    </rect>
    <font>
     <face>Arial</face>
     <size>10</size>
     <weight>bold</weight>
    </font>
    <left/>
    <vcenter/>
    <data>
     <query>detail</query>
     <column>cust_address1</column>
    </data>
   </field>
   <line>
    <xstart>5</xstart>
    <ystart>195</ystart>
    <xend>395</xend>
    <yend>195</yend>
    <weight>0</weight>
   </line>
   <field>
    <rect>
     <x>10</x>
     <y>70</y>
     <width>380</width>
     <height>20</height>
    </rect>
    <font>
     <face>Arial</face>
     <size>10</size>
     <weight>bold</weight>
    </font>
    <left/>
    <vcenter/>
    <data>
     <query>detail</query>
     <column>cust_address3</column>
    </data>
   </field>
   <barcode>
    <rect>
     <x>85</x>
     <y>150</y>
     <width>307</width>
     <height>42</height>
    </rect>
    <format>3of9+</format>
    <maxlength>10</maxlength>
    <right/>
    <data>
     <query>detail</query>
     <column>cust_number</column>
    </data>
   </barcode>
   <field>
    <rect>
     <x>10</x>
     <y>50</y>
     <width>380</width>
     <height>20</height>
    </rect>
    <font>
     <face>Arial</face>
     <size>10</size>
     <weight>bold</weight>
    </font>
    <left/>
    <vcenter/>
    <data>
     <query>detail</query>
     <column>cust_address2</column>
    </data>
   </field>
  </detail>
 </section>
</report>
