<!DOCTYPE openRPTDef>
<report>
 <title></title>
 <name></name>
 <description></description>
 <size>Letter</size>
 <portrait/>
 <topmargin>100</topmargin>
 <bottommargin>100</bottommargin>
 <rightmargin>100</rightmargin>
 <leftmargin>100</leftmargin>
 <querysource>
  <name>detail</name>
  <sql>select sequence_value AS now from sequence where sequence_value = 1;</sql>
 </querysource>
 <pghead>
  <height>121</height>
  <label>
   <rect>
    <x>350</x>
    <y>0</y>
    <width>300</width>
    <height>25</height>
   </rect>
   <font>
    <face>Helvetica</face>
    <size>20</size>
    <weight>normal</weight>
   </font>
   <right/>
   <bottom/>
   <string>||||||||||||||| 3.5x 0y 3w 0.25h RB |</string>
  </label>
  <label>
   <rect>
    <x>0</x>
    <y>0</y>
    <width>300</width>
    <height>25</height>
   </rect>
   <font>
    <face>Helvetica</face>
    <size>20</size>
    <weight>normal</weight>
   </font>
   <left/>
   <bottom/>
   <string>| 0x 0y 3w 0.25h LB |||||||||||||||||||||||||</string>
  </label>
  <label>
   <rect>
    <x>0</x>
    <y>100</y>
    <width>300</width>
    <height>25</height>
   </rect>
   <font>
    <face>Helvetica</face>
    <size>20</size>
    <weight>normal</weight>
   </font>
   <left/>
   <bottom/>
   <string>| 0x 1y 3w 0.25h LB |||||||||||||||||||||||||</string>
  </label>
  <label>
   <rect>
    <x>350</x>
    <y>100</y>
    <width>300</width>
    <height>25</height>
   </rect>
   <font>
    <face>Helvetica</face>
    <size>20</size>
    <weight>normal</weight>
   </font>
   <right/>
   <bottom/>
   <string>||||||||||||||| 3.5x 1y 3w 0.25h RB |</string>
  </label>
 </pghead>
 <section>
  <name>unnamed</name>
  <detail>
   <key>
    <query>detail</query>
   </key>
   <height>611</height>
   <line>
    <xstart>300</xstart>
    <ystart>200</ystart>
    <xend>600</xend>
    <yend>200</yend>
    <weight>0</weight>
   </line>
   <label>
    <rect>
     <x>10</x>
     <y>590</y>
     <width>50</width>
     <height>16</height>
    </rect>
    <font>
     <face>Helvetica</face>
     <size>10</size>
     <weight>normal</weight>
    </font>
    <left/>
    <top/>
    <string>(0, 6)</string>
   </label>
   <label>
    <rect>
     <x>75</x>
     <y>75</y>
     <width>10</width>
     <height>25</height>
    </rect>
    <font>
     <face>Helvetica</face>
     <size>20</size>
     <weight>normal</weight>
    </font>
    <left/>
    <vcenter/>
    <string>|</string>
   </label>
   <label>
    <rect>
     <x>100</x>
     <y>0</y>
     <width>200</width>
     <height>16</height>
    </rect>
    <font>
     <face>Helvetica</face>
     <size>8</size>
     <weight>normal</weight>
    </font>
    <right/>
    <top/>
    <string>(0,0) to (3,0) in detail section</string>
   </label>
   <label>
    <rect>
     <x>0</x>
     <y>50</y>
     <width>10</width>
     <height>25</height>
    </rect>
    <font>
     <face>Helvetica</face>
     <size>20</size>
     <weight>normal</weight>
    </font>
    <left/>
    <vcenter/>
    <string>|</string>
   </label>
   <label>
    <rect>
     <x>0</x>
     <y>150</y>
     <width>10</width>
     <height>25</height>
    </rect>
    <font>
     <face>Helvetica</face>
     <size>20</size>
     <weight>normal</weight>
    </font>
    <left/>
    <vcenter/>
    <string>|</string>
   </label>
   <label>
    <rect>
     <x>400</x>
     <y>400</y>
     <width>10</width>
     <height>25</height>
    </rect>
    <font>
     <face>Helvetica</face>
     <size>20</size>
     <weight>normal</weight>
    </font>
    <left/>
    <vcenter/>
    <string>|</string>
   </label>
   <line>
    <xstart>500</xstart>
    <ystart>0</ystart>
    <xend>500</xend>
    <yend>300</yend>
    <weight>0</weight>
   </line>
   <label>
    <rect>
     <x>525</x>
     <y>525</y>
     <width>10</width>
     <height>25</height>
    </rect>
    <font>
     <face>Helvetica</face>
     <size>20</size>
     <weight>normal</weight>
    </font>
    <left/>
    <vcenter/>
    <string>|</string>
   </label>
   <label>
    <rect>
     <x>175</x>
     <y>175</y>
     <width>10</width>
     <height>25</height>
    </rect>
    <font>
     <face>Helvetica</face>
     <size>20</size>
     <weight>normal</weight>
    </font>
    <left/>
    <vcenter/>
    <string>|</string>
   </label>
   <label>
    <rect>
     <x>500</x>
     <y>500</y>
     <width>10</width>
     <height>25</height>
    </rect>
    <font>
     <face>Helvetica</face>
     <size>20</size>
     <weight>normal</weight>
    </font>
    <left/>
    <vcenter/>
    <string>|</string>
   </label>
   <label>
    <rect>
     <x>25</x>
     <y>25</y>
     <width>10</width>
     <height>25</height>
    </rect>
    <font>
     <face>Helvetica</face>
     <size>20</size>
     <weight>normal</weight>
    </font>
    <left/>
    <vcenter/>
    <string>|</string>
   </label>
   <line>
    <xstart>300</xstart>
    <ystart>100</ystart>
    <xend>600</xend>
    <yend>100</yend>
    <weight>0</weight>
   </line>
   <label>
    <rect>
     <x>0</x>
     <y>300</y>
     <width>10</width>
     <height>25</height>
    </rect>
    <font>
     <face>Helvetica</face>
     <size>20</size>
     <weight>normal</weight>
    </font>
    <left/>
    <vcenter/>
    <string>|</string>
   </label>
   <label>
    <rect>
     <x>550</x>
     <y>550</y>
     <width>10</width>
     <height>25</height>
    </rect>
    <font>
     <face>Helvetica</face>
     <size>20</size>
     <weight>normal</weight>
    </font>
    <left/>
    <vcenter/>
    <string>|</string>
   </label>
   <label>
    <rect>
     <x>600</x>
     <y>200</y>
     <width>30</width>
     <height>16</height>
    </rect>
    <font>
     <face>Helvetica</face>
     <size>10</size>
     <weight>normal</weight>
    </font>
    <left/>
    <top/>
    <string>(6, 2)</string>
   </label>
   <label>
    <rect>
     <x>200</x>
     <y>200</y>
     <width>10</width>
     <height>25</height>
    </rect>
    <font>
     <face>Helvetica</face>
     <size>20</size>
     <weight>normal</weight>
    </font>
    <left/>
    <vcenter/>
    <string>|</string>
   </label>
   <label>
    <rect>
     <x>0</x>
     <y>450</y>
     <width>10</width>
     <height>25</height>
    </rect>
    <font>
     <face>Helvetica</face>
     <size>20</size>
     <weight>normal</weight>
    </font>
    <left/>
    <vcenter/>
    <string>|</string>
   </label>
   <line>
    <xstart>400</xstart>
    <ystart>0</ystart>
    <xend>400</xend>
    <yend>300</yend>
    <weight>0</weight>
   </line>
   <label>
    <rect>
     <x>0</x>
     <y>200</y>
     <width>10</width>
     <height>25</height>
    </rect>
    <font>
     <face>Helvetica</face>
     <size>20</size>
     <weight>normal</weight>
    </font>
    <left/>
    <vcenter/>
    <string>|</string>
   </label>
   <label>
    <rect>
     <x>325</x>
     <y>325</y>
     <width>10</width>
     <height>25</height>
    </rect>
    <font>
     <face>Helvetica</face>
     <size>20</size>
     <weight>normal</weight>
    </font>
    <left/>
    <vcenter/>
    <string>|</string>
   </label>
   <label>
    <rect>
     <x>0</x>
     <y>250</y>
     <width>10</width>
     <height>25</height>
    </rect>
    <font>
     <face>Helvetica</face>
     <size>20</size>
     <weight>normal</weight>
    </font>
    <left/>
    <vcenter/>
    <string>|</string>
   </label>
   <label>
    <rect>
     <x>225</x>
     <y>225</y>
     <width>10</width>
     <height>25</height>
    </rect>
    <font>
     <face>Helvetica</face>
     <size>20</size>
     <weight>normal</weight>
    </font>
    <left/>
    <vcenter/>
    <string>|</string>
   </label>
   <label>
    <rect>
     <x>0</x>
     <y>100</y>
     <width>10</width>
     <height>25</height>
    </rect>
    <font>
     <face>Helvetica</face>
     <size>20</size>
     <weight>normal</weight>
    </font>
    <left/>
    <vcenter/>
    <string>|</string>
   </label>
   <label>
    <rect>
     <x>170</x>
     <y>380</y>
     <width>200</width>
     <height>18</height>
    </rect>
    <font>
     <face>Helvetica</face>
     <size>12</size>
     <weight>normal</weight>
    </font>
    <left/>
    <top/>
    <string>step by 0.25 in both x and y</string>
   </label>
   <label>
    <rect>
     <x>300</x>
     <y>300</y>
     <width>10</width>
     <height>25</height>
    </rect>
    <font>
     <face>Helvetica</face>
     <size>20</size>
     <weight>normal</weight>
    </font>
    <left/>
    <vcenter/>
    <string>|</string>
   </label>
   <label>
    <rect>
     <x>520</x>
     <y>290</y>
     <width>30</width>
     <height>16</height>
    </rect>
    <font>
     <face>Helvetica</face>
     <size>10</size>
     <weight>normal</weight>
    </font>
    <left/>
    <top/>
    <string>(5, 3)</string>
   </label>
   <label>
    <rect>
     <x>0</x>
     <y>600</y>
     <width>10</width>
     <height>25</height>
    </rect>
    <font>
     <face>Helvetica</face>
     <size>20</size>
     <weight>normal</weight>
    </font>
    <left/>
    <vcenter/>
    <string>|</string>
   </label>
   <label>
    <rect>
     <x>475</x>
     <y>475</y>
     <width>10</width>
     <height>25</height>
    </rect>
    <font>
     <face>Helvetica</face>
     <size>20</size>
     <weight>normal</weight>
    </font>
    <left/>
    <vcenter/>
    <string>|</string>
   </label>
   <label>
    <rect>
     <x>510</x>
     <y>0</y>
     <width>30</width>
     <height>16</height>
    </rect>
    <font>
     <face>Helvetica</face>
     <size>10</size>
     <weight>normal</weight>
    </font>
    <left/>
    <top/>
    <string>(5, 0)</string>
   </label>
   <label>
    <rect>
     <x>27500</x>
     <y>275</y>
     <width>10</width>
     <height>25</height>
    </rect>
    <font>
     <face>Helvetica</face>
     <size>20</size>
     <weight>normal</weight>
    </font>
    <left/>
    <vcenter/>
    <string>|</string>
   </label>
   <label>
    <rect>
     <x>580</x>
     <y>580</y>
     <width>60</width>
     <height>16</height>
    </rect>
    <font>
     <face>Helvetica</face>
     <size>10</size>
     <weight>normal</weight>
    </font>
    <right/>
    <top/>
    <string>(6, 6)</string>
   </label>
   <label>
    <rect>
     <x>10</x>
     <y>0</y>
     <width>90</width>
     <height>16</height>
    </rect>
    <font>
     <face>Helvetica</face>
     <size>10</size>
     <weight>normal</weight>
    </font>
    <left/>
    <top/>
    <string>(0, 0)  0.25 ht</string>
   </label>
   <label>
    <rect>
     <x>375</x>
     <y>375</y>
     <width>10</width>
     <height>25</height>
    </rect>
    <font>
     <face>Helvetica</face>
     <size>20</size>
     <weight>normal</weight>
    </font>
    <left/>
    <vcenter/>
    <string>|</string>
   </label>
   <label>
    <rect>
     <x>50</x>
     <y>50</y>
     <width>10</width>
     <height>25</height>
    </rect>
    <font>
     <face>Helvetica</face>
     <size>20</size>
     <weight>normal</weight>
    </font>
    <left/>
    <vcenter/>
    <string>|</string>
   </label>
   <label>
    <rect>
     <x>0</x>
     <y>0</y>
     <width>10</width>
     <height>25</height>
    </rect>
    <font>
     <face>Helvetica</face>
     <size>20</size>
     <weight>normal</weight>
    </font>
    <left/>
    <vcenter/>
    <string>|</string>
   </label>
   <label>
    <rect>
     <x>250</x>
     <y>250</y>
     <width>10</width>
     <height>25</height>
    </rect>
    <font>
     <face>Helvetica</face>
     <size>20</size>
     <weight>normal</weight>
    </font>
    <left/>
    <vcenter/>
    <string>|</string>
   </label>
   <field>
    <rect>
     <x>400</x>
     <y>100</y>
     <width>100</width>
     <height>100</height>
    </rect>
    <font>
     <face>Helvetica</face>
     <size>12</size>
     <weight>normal</weight>
    </font>
    <hcenter/>
    <vcenter/>
    <data>
     <query>detail</query>
     <column>now</column>
    </data>
   </field>
   <label>
    <rect>
     <x>0</x>
     <y>400</y>
     <width>10</width>
     <height>25</height>
    </rect>
    <font>
     <face>Helvetica</face>
     <size>20</size>
     <weight>normal</weight>
    </font>
    <left/>
    <vcenter/>
    <string>|</string>
   </label>
   <label>
    <rect>
     <x>275</x>
     <y>275</y>
     <width>10</width>
     <height>25</height>
    </rect>
    <font>
     <face>Helvetica</face>
     <size>20</size>
     <weight>normal</weight>
    </font>
    <left/>
    <vcenter/>
    <string>|</string>
   </label>
   <label>
    <rect>
     <x>450</x>
     <y>450</y>
     <width>10</width>
     <height>25</height>
    </rect>
    <font>
     <face>Helvetica</face>
     <size>20</size>
     <weight>normal</weight>
    </font>
    <left/>
    <vcenter/>
    <string>|</string>
   </label>
   <label>
    <rect>
     <x>150</x>
     <y>150</y>
     <width>10</width>
     <height>25</height>
    </rect>
    <font>
     <face>Helvetica</face>
     <size>20</size>
     <weight>normal</weight>
    </font>
    <left/>
    <vcenter/>
    <string>|</string>
   </label>
   <label>
    <rect>
     <x>125</x>
     <y>125</y>
     <width>10</width>
     <height>25</height>
    </rect>
    <font>
     <face>Helvetica</face>
     <size>20</size>
     <weight>normal</weight>
    </font>
    <left/>
    <vcenter/>
    <string>|</string>
   </label>
   <label>
    <rect>
     <x>600</x>
     <y>600</y>
     <width>10</width>
     <height>25</height>
    </rect>
    <font>
     <face>Helvetica</face>
     <size>20</size>
     <weight>normal</weight>
    </font>
    <left/>
    <vcenter/>
    <string>|</string>
   </label>
   <label>
    <rect>
     <x>0</x>
     <y>350</y>
     <width>10</width>
     <height>25</height>
    </rect>
    <font>
     <face>Helvetica</face>
     <size>20</size>
     <weight>normal</weight>
    </font>
    <left/>
    <vcenter/>
    <string>|</string>
   </label>
   <label>
    <rect>
     <x>600</x>
     <y>80</y>
     <width>30</width>
     <height>16</height>
    </rect>
    <font>
     <face>Helvetica</face>
     <size>10</size>
     <weight>normal</weight>
    </font>
    <left/>
    <top/>
    <string>(6, 1)</string>
   </label>
   <label>
    <rect>
     <x>575</x>
     <y>575</y>
     <width>10</width>
     <height>25</height>
    </rect>
    <font>
     <face>Helvetica</face>
     <size>20</size>
     <weight>normal</weight>
    </font>
    <left/>
    <vcenter/>
    <string>|</string>
   </label>
   <line>
    <xstart>300</xstart>
    <ystart>0</ystart>
    <xend>0</xend>
    <yend>0</yend>
    <weight>0</weight>
   </line>
   <label>
    <rect>
     <x>360</x>
     <y>290</y>
     <width>30</width>
     <height>16</height>
    </rect>
    <font>
     <face>Helvetica</face>
     <size>10</size>
     <weight>normal</weight>
    </font>
    <left/>
    <top/>
    <string>(4, 3)</string>
   </label>
   <label>
    <rect>
     <x>280</x>
     <y>200</y>
     <width>30</width>
     <height>16</height>
    </rect>
    <font>
     <face>Helvetica</face>
     <size>10</size>
     <weight>normal</weight>
    </font>
    <left/>
    <top/>
    <string>(3, 2)</string>
   </label>
   <label>
    <rect>
     <x>0</x>
     <y>550</y>
     <width>10</width>
     <height>25</height>
    </rect>
    <font>
     <face>Helvetica</face>
     <size>20</size>
     <weight>normal</weight>
    </font>
    <left/>
    <vcenter/>
    <string>|</string>
   </label>
   <label>
    <rect>
     <x>279</x>
     <y>77</y>
     <width>30</width>
     <height>16</height>
    </rect>
    <font>
     <face>Helvetica</face>
     <size>10</size>
     <weight>normal</weight>
    </font>
    <left/>
    <top/>
    <string>(3, 1)</string>
   </label>
   <label>
    <rect>
     <x>360</x>
     <y>0</y>
     <width>30</width>
     <height>16</height>
    </rect>
    <font>
     <face>Helvetica</face>
     <size>10</size>
     <weight>normal</weight>
    </font>
    <left/>
    <top/>
    <string>(4, 0)</string>
   </label>
   <label>
    <rect>
     <x>425</x>
     <y>425</y>
     <width>10</width>
     <height>25</height>
    </rect>
    <font>
     <face>Helvetica</face>
     <size>20</size>
     <weight>normal</weight>
    </font>
    <left/>
    <vcenter/>
    <string>|</string>
   </label>
   <label>
    <rect>
     <x>100</x>
     <y>100</y>
     <width>10</width>
     <height>25</height>
    </rect>
    <font>
     <face>Helvetica</face>
     <size>20</size>
     <weight>normal</weight>
    </font>
    <left/>
    <vcenter/>
    <string>|</string>
   </label>
   <label>
    <rect>
     <x>0</x>
     <y>500</y>
     <width>10</width>
     <height>25</height>
    </rect>
    <font>
     <face>Helvetica</face>
     <size>20</size>
     <weight>normal</weight>
    </font>
    <left/>
    <vcenter/>
    <string>|</string>
   </label>
   <label>
    <rect>
     <x>350</x>
     <y>350</y>
     <width>10</width>
     <height>25</height>
    </rect>
    <font>
     <face>Helvetica</face>
     <size>20</size>
     <weight>normal</weight>
    </font>
    <left/>
    <vcenter/>
    <string>|</string>
   </label>
  </detail>
 </section>
 <pgfoot>
  <height>121</height>
  <label>
   <rect>
    <x>0</x>
    <y>0</y>
    <width>300</width>
    <height>25</height>
   </rect>
   <font>
    <face>Helvetica</face>
    <size>20</size>
    <weight>normal</weight>
   </font>
   <left/>
   <top/>
   <string>| 0x 0y 3w 0.25h LT  ||||||||||||||||||||||||</string>
  </label>
  <label>
   <rect>
    <x>350</x>
    <y>0</y>
    <width>300</width>
    <height>25</height>
   </rect>
   <font>
    <face>Helvetica</face>
    <size>20</size>
    <weight>normal</weight>
   </font>
   <right/>
   <top/>
   <string>||||||||||||||||||| 3.5x 0y 3w 0.25h RT |</string>
  </label>
  <label>
   <rect>
    <x>0</x>
    <y>100</y>
    <width>300</width>
    <height>25</height>
   </rect>
   <font>
    <face>Helvetica</face>
    <size>20</size>
    <weight>normal</weight>
   </font>
   <left/>
   <top/>
   <string>| 0x 1y 3w 0.25h LT  ||||||||||||||||||||||||</string>
  </label>
  <label>
   <rect>
    <x>350</x>
    <y>100</y>
    <width>300</width>
    <height>25</height>
   </rect>
   <font>
    <face>Helvetica</face>
    <size>20</size>
    <weight>normal</weight>
   </font>
   <right/>
   <top/>
   <string>||||||||||||||||||| 3.5x 1y 3w 0.25h RT |</string>
  </label>
 </pgfoot>
</report>
