<!DOCTYPE openRPTDef>
<report>
 <title></title>
 <name></name>
 <description></description>
 <size>Letter</size>
 <portrait/>
 <topmargin>100</topmargin>
 <bottommargin>100</bottommargin>
 <rightmargin>100</rightmargin>
 <leftmargin>100</leftmargin>
 <querysource>
  <name>detail</name>
  <sql>SELECT classcode_code,
       item_number,
       item_priceinvrat,
       formatExtPrice(item_priceinvrat) as f_price,
       item_shipinvrat,
       formatExtPrice(item_shipinvrat) as f_shipinvrat
  from item, classcode
 where (classcode_id = item_classcode_id)
order by classcode_code, item_number;</sql>
 </querysource>
 <section>
  <name>detail</name>
  <group>
   <name>classcode</name>
   <column>classcode_code</column>
   <head>
    <height>25</height>
    <line>
     <xstart>5</xstart>
     <ystart>20</ystart>
     <xend>645</xend>
     <yend>20</yend>
     <weight>0</weight>
    </line>
    <label>
     <rect>
      <x>335</x>
      <y>5</y>
      <width>100</width>
      <height>15</height>
     </rect>
     <font>
      <face>Arial</face>
      <size>8</size>
      <weight>48</weight>
     </font>
     <right/>
     <vcenter/>
     <string>Ext. Price</string>
    </label>
    <label>
     <rect>
      <x>545</x>
      <y>5</y>
      <width>100</width>
      <height>15</height>
     </rect>
     <font>
      <face>Arial</face>
      <size>8</size>
      <weight>48</weight>
     </font>
     <right/>
     <vcenter/>
     <string>Running Tot</string>
    </label>
    <field>
     <rect>
      <x>5</x>
      <y>5</y>
      <width>155</width>
      <height>15</height>
     </rect>
     <font>
      <face>Arial</face>
      <size>8</size>
      <weight>48</weight>
     </font>
     <right/>
     <vcenter/>
     <data>
      <query>detail</query>
      <column>classcode_code</column>
     </data>
    </field>
    <label>
     <rect>
      <x>440</x>
      <y>5</y>
      <width>100</width>
      <height>15</height>
     </rect>
     <font>
      <face>Arial</face>
      <size>8</size>
      <weight>48</weight>
     </font>
     <right/>
     <vcenter/>
     <string>Inv. Rate</string>
    </label>
    <label>
     <rect>
      <x>180</x>
      <y>5</y>
      <width>150</width>
      <height>15</height>
     </rect>
     <font>
      <face>Arial</face>
      <size>8</size>
      <weight>48</weight>
     </font>
     <left/>
     <vcenter/>
     <string>Item Number</string>
    </label>
   </head>
   <foot>
    <height>15</height>
    <field>
     <rect>
      <x>440</x>
      <y>0</y>
      <width>100</width>
      <height>15</height>
     </rect>
     <font>
      <face>Arial</face>
      <size>8</size>
      <weight>48</weight>
     </font>
     <right/>
     <vcenter/>
     <data>
      <query>detail</query>
      <column>item_shipinvrat</column>
     </data>
     <tracktotal subtotal="true" builtin="true" >extprice</tracktotal>
    </field>
    <label>
     <rect>
      <x>180</x>
      <y>0</y>
      <width>150</width>
      <height>15</height>
     </rect>
     <font>
      <face>Arial</face>
      <size>8</size>
      <weight>48</weight>
     </font>
     <right/>
     <vcenter/>
     <string>Group Total:</string>
    </label>
    <field>
     <rect>
      <x>545</x>
      <y>0</y>
      <width>100</width>
      <height>15</height>
     </rect>
     <font>
      <face>Arial</face>
      <size>8</size>
      <weight>48</weight>
     </font>
     <right/>
     <vcenter/>
     <data>
      <query>detail</query>
      <column>item_priceinvrat</column>
     </data>
     <tracktotal builtin="true" >extprice</tracktotal>
    </field>
    <field>
     <rect>
      <x>335</x>
      <y>0</y>
      <width>100</width>
      <height>15</height>
     </rect>
     <font>
      <face>Arial</face>
      <size>8</size>
      <weight>48</weight>
     </font>
     <right/>
     <vcenter/>
     <data>
      <query>detail</query>
      <column>item_priceinvrat</column>
     </data>
     <tracktotal subtotal="true" builtin="true" >extprice</tracktotal>
    </field>
   </foot>
  </group>
  <detail>
   <key>
    <query>detail</query>
   </key>
   <height>15</height>
   <field>
    <rect>
     <x>440</x>
     <y>0</y>
     <width>100</width>
     <height>15</height>
    </rect>
    <font>
     <face>Arial</face>
     <size>8</size>
     <weight>48</weight>
    </font>
    <right/>
    <vcenter/>
    <data>
     <query>detail</query>
     <column>f_shipinvrat</column>
    </data>
   </field>
   <field>
    <rect>
     <x>180</x>
     <y>0</y>
     <width>150</width>
     <height>15</height>
    </rect>
    <font>
     <face>Arial</face>
     <size>8</size>
     <weight>48</weight>
    </font>
    <left/>
    <vcenter/>
    <data>
     <query>detail</query>
     <column>item_number</column>
    </data>
   </field>
   <field>
    <rect>
     <x>545</x>
     <y>0</y>
     <width>100</width>
     <height>15</height>
    </rect>
    <font>
     <face>Arial</face>
     <size>8</size>
     <weight>48</weight>
    </font>
    <right/>
    <vcenter/>
    <data>
     <query>detail</query>
     <column>item_priceinvrat</column>
    </data>
    <tracktotal builtin="true" >extprice</tracktotal>
   </field>
   <field>
    <rect>
     <x>335</x>
     <y>0</y>
     <width>100</width>
     <height>15</height>
    </rect>
    <font>
     <face>Arial</face>
     <size>8</size>
     <weight>48</weight>
    </font>
    <right/>
    <vcenter/>
    <data>
     <query>detail</query>
     <column>f_price</column>
    </data>
   </field>
  </detail>
 </section>
 <pgfoot>
  <height>15</height>
  <label>
   <rect>
    <x>180</x>
    <y>0</y>
    <width>150</width>
    <height>15</height>
   </rect>
   <font>
    <face>Arial</face>
    <size>8</size>
    <weight>48</weight>
   </font>
   <right/>
   <vcenter/>
   <string>Page Total:</string>
  </label>
  <field>
   <rect>
    <x>335</x>
    <y>0</y>
    <width>100</width>
    <height>15</height>
   </rect>
   <font>
    <face>Arial</face>
    <size>8</size>
    <weight>48</weight>
   </font>
   <right/>
   <vcenter/>
   <data>
    <query>detail</query>
    <column>item_priceinvrat</column>
   </data>
   <tracktotal subtotal="true" builtin="true" >extprice</tracktotal>
  </field>
  <field>
   <rect>
    <x>545</x>
    <y>0</y>
    <width>100</width>
    <height>15</height>
   </rect>
   <font>
    <face>Arial</face>
    <size>8</size>
    <weight>48</weight>
   </font>
   <right/>
   <vcenter/>
   <data>
    <query>detail</query>
    <column>item_priceinvrat</column>
   </data>
   <tracktotal builtin="true" >extprice</tracktotal>
  </field>
  <field>
   <rect>
    <x>440</x>
    <y>0</y>
    <width>100</width>
    <height>15</height>
   </rect>
   <font>
    <face>Arial</face>
    <size>8</size>
    <weight>48</weight>
   </font>
   <right/>
   <vcenter/>
   <data>
    <query>detail</query>
    <column>item_shipinvrat</column>
   </data>
   <tracktotal subtotal="true" builtin="true" >extprice</tracktotal>
  </field>
 </pgfoot>
</report>
